kino,allstar30,rating
华盛顿樱桃树,allstar30,rating
桃桃林林,allstar30,rating
银河系漫游指南,allstar50,rating
同志亦凡人中文站,allstar40,rating
哪吒男,allstar40,rating
翻滚吧！蛋堡,allstar50,rating
乱花空,allstar30,rating
小鱼关注中国,allstar50,rating
紫苏バジル,allstar40,rating
库索,allstar50,rating
空気嫁,allstar50,rating
鬼武者,allstar20,rating
有心打扰,allstar50,rating
隆咚锵,allstar50,rating
koukou.VS.靠靠,allstar50,rating
邓安庆,allstar40,rating
xxhhcc,allstar40,rating
野象小姐,allstar30,rating
王大根,allstar50,rating
木卫二,allstar30,rating
frozenmoon,allstar30,rating
五色全味,allstar20,rating
芦哲峰,allstar30,rating
柏林苍穹下,allstar40,rating
帕拉,allstar30,rating
苹果碳酸水,allstar50,rating
donger,allstar40,rating
俊俊子,allstar40,rating
影志,allstar30,rating
洛风城,allstar40,rating
欢乐分裂,allstar40,rating
西楼尘,allstar40,rating
钱,allstar30,rating
那片欢城,allstar50,rating
伊谢尔伦的风,allstar40,rating
黄青蕉,allstar50,rating
标你码的记,allstar20,rating
仿真男孩哪吒,allstar40,rating
胤祥,allstar40,rating
m89,allstar30,rating
白牙尖,allstar50,rating
Cindy,allstar20,rating
冯凝,allstar30,rating
米粒,allstar40,rating
草々,allstar40,rating
匡轶歌,allstar50,rating
大奇特(Grinch),allstar30,rating
亵渎电影,allstar30,rating
同志亦凡人中文站,allstar40,rating
哪吒男,allstar40,rating
kino,allstar30,rating
银河系漫游指南,allstar50,rating
翻滚吧！蛋堡,allstar50,rating
华盛顿樱桃树,allstar30,rating
紫苏バジル,allstar40,rating
邓安庆,allstar40,rating
桃桃林林,allstar30,rating
小鱼关注中国,allstar50,rating
库索,allstar50,rating
乱花空,allstar30,rating
空気嫁,allstar50,rating
有心打扰,allstar50,rating
野象小姐,allstar30,rating
隆咚锵,allstar50,rating
xxhhcc,allstar40,rating
柏林苍穹下,allstar40,rating
donger,allstar40,rating
koukou.VS.靠靠,allstar50,rating
木卫二,allstar30,rating
frozenmoon,allstar30,rating
芦哲峰,allstar30,rating
俊俊子,allstar40,rating
帕拉,allstar30,rating
鬼武者,allstar20,rating
影志,allstar30,rating
钱,allstar30,rating
王大根,allstar50,rating
苹果碳酸水,allstar50,rating
m89,allstar30,rating
洛风城,allstar40,rating
冯凝,allstar30,rating
大奇特(Grinch),allstar30,rating
那片欢城,allstar50,rating
黄青蕉,allstar50,rating
亵渎电影,allstar30,rating
欢乐分裂,allstar40,rating
PixelGirl,allstar30,rating
鴉,allstar30,rating
西楼尘,allstar40,rating
白牙尖,allstar50,rating
伊谢尔伦的风,allstar40,rating
bamboo,allstar30,rating
朝暮雪,allstar30,rating
匡轶歌,allstar50,rating
大-燕-威-王,allstar50,rating
仿真男孩哪吒,allstar40,rating
银河系漫游指南,allstar50,rating
翻滚吧！蛋堡,allstar50,rating
小鱼关注中国,allstar50,rating
库索,allstar50,rating
空気嫁,allstar50,rating
有心打扰,allstar50,rating
kino,allstar30,rating
同志亦凡人中文站,allstar40,rating
哪吒男,allstar40,rating
隆咚锵,allstar50,rating
紫苏バジル,allstar40,rating
邓安庆,allstar40,rating
xxhhcc,allstar40,rating
柏林苍穹下,allstar40,rating
donger,allstar40,rating
koukou.VS.靠靠,allstar50,rating
王大根,allstar50,rating
苹果碳酸水,allstar50,rating
五色全味,allstar20,rating
那片欢城,allstar50,rating
俊俊子,allstar40,rating
洛风城,allstar40,rating
华盛顿樱桃树,allstar30,rating
黄青蕉,allstar50,rating
白牙尖,allstar50,rating
桃桃林林,allstar30,rating
匡轶歌,allstar50,rating
乱花空,allstar30,rating
大-燕-威-王,allstar50,rating
欢乐分裂,allstar40,rating
野象小姐,allstar30,rating
yѧѳ⑉爻,allstar50,rating
帷野久,allstar50,rating
文泽尔,allstar50,rating
木卫二,allstar30,rating
瑾朵朵,allstar50,rating
SELVEN,allstar50,rating
西楼尘,allstar40,rating
伊谢尔伦的风,allstar40,rating
谋杀电视机,allstar50,rating
暹罗copen,allstar50,rating
仿真男孩哪吒,allstar40,rating
frozenmoon,allstar30,rating
芦哲峰,allstar30,rating
胤祥,allstar40,rating
谋杀游戏机,allstar50,rating
基本不上线了,allstar50,rating
风满蜃气楼,allstar50,rating
米粒,allstar40,rating
标你码的记,allstar20,rating
同志亦凡人中文站,allstar40,rating
银河系漫游指南,allstar50,rating
哪吒男,allstar40,rating
翻滚吧！蛋堡,allstar50,rating
小鱼关注中国,allstar50,rating
CharlesChou,allstar30,rating
kino,allstar30,rating
紫苏バジル,allstar40,rating
库索,allstar50,rating
空気嫁,allstar50,rating
邓安庆,allstar40,rating
有心打扰,allstar50,rating
隆咚锵,allstar50,rating
koukou.VS.靠靠,allstar50,rating
王大根,allstar50,rating
苹果碳酸水,allstar50,rating
那片欢城,allstar50,rating
xxhhcc,allstar40,rating
黄青蕉,allstar50,rating
柏林苍穹下,allstar40,rating
donger,allstar40,rating
华盛顿樱桃树,allstar30,rating
白牙尖,allstar50,rating
匡轶歌,allstar50,rating
桃桃林林,allstar30,rating
乱花空,allstar30,rating
野象小姐,allstar30,rating
木卫二,allstar30,rating
俊俊子,allstar40,rating
frozenmoon,allstar30,rating
芦哲峰,allstar30,rating
帕拉,allstar30,rating
大-燕-威-王,allstar50,rating
yѧѳ⑉爻,allstar50,rating
洛风城,allstar40,rating
帷野久,allstar50,rating
欢乐分裂,allstar40,rating
文泽尔,allstar50,rating
影志,allstar30,rating
钱,allstar30,rating
瑾朵朵,allstar50,rating
五色全味,allstar20,rating
m89,allstar30,rating
冯凝,allstar30,rating
大奇特(Grinch),allstar30,rating
SELVEN,allstar50,rating
西楼尘,allstar40,rating
伊谢尔伦的风,allstar40,rating
亵渎电影,allstar30,rating
